{"id": "4ijn-s7e5", "publicationDate": 1557747078, "attribution": "City of Chicago", "newBackend": true, "columns": [{"width": 100, "name": "Inspection ID", "id": 408259547, "dataTypeName": "number", "position": 1, "fieldName": "inspection_id", "cachedContents": {"not_null": "186763", "top": [{"count": "1", "item": "60438"}, {"count": "1", "item": "2176448"}, {"count": "1", "item": "2176950"}, {"count": "1", "item": "2232219"}, {"count": "1", "item": "577466"}, {"count": "1", "item": "58231"}, {"count": "1", "item": "1202725"}, {"count": "1", "item": "2088511"}, {"count": "1", "item": "2103042"}, {"count": "1", "item": "2136154"}, {"count": "1", "item": "1493782"}, {"count": "1", "item": "1955833"}, {"count": "1", "item": "1174624"}, {"count": "1", "item": "1188392"}, {"count": "1", "item": "2145811"}, {"count": "1", "item": "250714"}, {"count": "1", "item": "1482633"}, {"count": "1", "item": "1561403"}, {"count": "1", "item": "1327175"}, {"count": "1", "item": "1465108"}], "smallest": "44247", "cardinality": "186763", "null": "0", "largest": "2288643"}, "tableColumnId": 1896328, "renderTypeName": "number", "format": {"precisionStyle": "standard", "align": "right", "noCommas": "true"}}, {"width": 166, "name": "DBA Name", "id": 408259548, "dataTypeName": "text", "position": 2, "description": "Doing Business As", "fieldName": "dba_name", "cachedContents": {"not_null": "186763", "top": [{"count": "2588", "item": "SUBWAY"}, {"count": "1317", "item": "DUNKIN DONUTS"}, {"count": "542", "item": "MCDONALD'S"}, {"count": "416", "item": "7-ELEVEN"}, {"count": "316", "item": "MCDONALDS"}, {"count": "301", "item": "CHIPOTLE MEXICAN GRILL"}, {"count": "264", "item": "POTBELLY SANDWICH WORKS LLC"}, {"count": "231", "item": "CORNER BAKERY CAFE"}, {"count": "229", "item": "POTBELLY SANDWICH WORKS"}, {"count": "215", "item": "DUNKIN DONUTS/BASKIN ROBBINS"}, {"count": "203", "item": "FRESHII"}, {"count": "194", "item": "WHOLE FOODS MARKET"}, {"count": "193", "item": "AU BON PAIN"}, {"count": "191", "item": "SUBWAY SANDWICHES"}, {"count": "186", "item": "DOMINO'S PIZZA"}, {"count": "179", "item": "HAROLD'S CHICKEN SHACK"}, {"count": "176", "item": "SPORTSERVICE SOLDIER FIELD"}, {"count": "175", "item": "KFC"}, {"count": "170", "item": "Subway"}, {"count": "156", "item": "SEE THRU CHINESE KITCHEN"}], "smallest": "1000 LIQUORS / BIG CITY TAP", "cardinality": "26931", "null": "0", "largest": "Z & Z WINGS"}, "tableColumnId": 1505551, "renderTypeName": "text", "format": {"align": "left", "aggregate": "count"}}, {"width": 166, "name": "AKA Name", "id": 408259549, "dataTypeName": "text", "position": 3, "description": "Also Known As", "fieldName": "aka_name", "cachedContents": {"not_null": "184308", "top": [{"count": "3134", "item": "SUBWAY"}, {"count": "1325", "item": "DUNKIN DONUTS"}, {"count": "712", "item": "MCDONALD'S"}, {"count": "703", "item": "7-ELEVEN"}, {"count": "357", "item": "BURGER KING"}, {"count": "325", "item": "MCDONALDS"}, {"count": "312", "item": "CHIPOTLE MEXICAN GRILL"}, {"count": "289", "item": "DUNKIN DONUTS/BASKIN ROBBINS"}, {"count": "287", "item": "CITGO"}, {"count": "283", "item": "STARBUCKS COFFEE"}, {"count": "276", "item": "WENDY'S"}, {"count": "266", "item": "POTBELLY SANDWICH WORKS"}, {"count": "231", "item": "CORNER BAKERY CAFE"}, {"count": "228", "item": "STARBUCKS"}, {"count": "223", "item": "FRESHII"}, {"count": "220", "item": "Subway"}, {"count": "212", "item": "JIMMY JOHN'S"}, {"count": "211", "item": "PIZZA HUT"}, {"count": "203", "item": "SUBWAY SANDWICHES"}, {"count": "197", "item": "KFC"}], "smallest": "1000 LIQUORS / BIG CITY TAP", "cardinality": "25692", "null": "2455", "largest": "Z & Z WINGS"}, "tableColumnId": 1505552, "renderTypeName": "text", "format": {"align": "left"}}, {"width": 94, "name": "License #", "id": 408259550, "dataTypeName": "number", "position": 4, "fieldName": "license_", "cachedContents": {"not_null": "186747", "top": [{"count": "495", "item": "0"}, {"count": "198", "item": "1354323"}, {"count": "174", "item": "14616"}, {"count": "82", "item": "1574001"}, {"count": "59", "item": "1974745"}, {"count": "48", "item": "1142451"}, {"count": "47", "item": "1884255"}, {"count": "46", "item": "1490035"}, {"count": "46", "item": "2083833"}, {"count": "45", "item": "1596210"}, {"count": "44", "item": "20481"}, {"count": "43", "item": "60184"}, {"count": "41", "item": "1476553"}, {"count": "40", "item": "1094"}, {"count": "40", "item": "1302136"}, {"count": "40", "item": "1000572"}, {"count": "39", "item": "2013962"}, {"count": "38", "item": "29151"}, {"count": "38", "item": "2108657"}, {"count": "37", "item": "9154"}], "smallest": "0", "cardinality": "36332", "null": "16", "largest": "9999999"}, "tableColumnId": 1505553, "renderTypeName": "number", "format": {"precisionStyle": "standard", "align": "right", "noCommas": "true"}}, {"width": 127, "name": "Facility Type", "id": 408259551, "dataTypeName": "text", "position": 5, "fieldName": "facility_type", "cachedContents": {"not_null": "182015", "top": [{"count": "124072", "item": "Restaurant"}, {"count": "24026", "item": "Grocery Store"}, {"count": "11885", "item": "School"}, {"count": "2749", "item": "Children's Services Facility"}, {"count": "2713", "item": "Bakery"}, {"count": "2634", "item": "Daycare (2 - 6 Years)"}, {"count": "2184", "item": "Daycare Above and Under 2 Years"}, {"count": "1251", "item": "Long Term Care"}, {"count": "1106", "item": "Catering"}, {"count": "844", "item": "Mobile Food Dispenser"}, {"count": "832", "item": "Liquor"}, {"count": "780", "item": "Daycare Combo 1586"}, {"count": "556", "item": "Mobile Food Preparer"}, {"count": "538", "item": "Golden Diner"}, {"count": "530", "item": "Wholesale"}, {"count": "504", "item": "Hospital"}, {"count": "254", "item": "TAVERN"}, {"count": "229", "item": "Daycare (Under 2 Years)"}, {"count": "205", "item": "Special Event"}, {"count": "192", "item": "Shared Kitchen User (Long Term)"}], "smallest": "1005 NURSING HOME", "cardinality": "475", "null": "4748", "largest": "youth housing"}, "tableColumnId": 1505554, "renderTypeName": "text", "format": {}}, {"width": 118, "name": "Risk", "id": 408259552, "dataTypeName": "text", "position": 6, "fieldName": "risk", "cachedContents": {"not_null": "186691", "top": [{"count": "133416", "item": "Risk 1 (High)"}, {"count": "36656", "item": "Risk 2 (Medium)"}, {"count": "16591", "item": "Risk 3 (Low)"}, {"count": "28", "item": "All"}], "smallest": "All", "cardinality": "4", "null": "72", "largest": "Risk 3 (Low)"}, "tableColumnId": 1505555, "renderTypeName": "text", "format": {}}, {"width": 154, "name": "Address", "id": 408259553, "dataTypeName": "text", "position": 7, "fieldName": "address", "cachedContents": {"not_null": "186763", "top": [{"count": "2404", "item": "11601 W TOUHY AVE "}, {"count": "499", "item": "5700 S CICERO AVE "}, {"count": "419", "item": "500 W MADISON ST "}, {"count": "377", "item": "324 N LEAVITT ST "}, {"count": "313", "item": "131 N CLINTON ST "}, {"count": "311", "item": "2300 S THROOP ST "}, {"count": "305", "item": "100 W RANDOLPH ST "}, {"count": "253", "item": "7601 S CICERO AVE "}, {"count": "246", "item": "333 W 35TH ST "}, {"count": "243", "item": "222 W MERCHANDISE MART PLZ "}, {"count": "241", "item": "600 E GRAND AVE "}, {"count": "215", "item": "1410 S MUSEUM CAMPUS DR "}, {"count": "214", "item": "700 E GRAND AVE "}, {"count": "188", "item": "2002 S WENTWORTH AVE "}, {"count": "185", "item": "520 N MICHIGAN AVE "}, {"count": "177", "item": "1060 W ADDISON ST "}, {"count": "170", "item": "225 S CANAL ST "}, {"count": "160", "item": "233 N MICHIGAN AVE "}, {"count": "141", "item": "233 S WACKER DR "}, {"count": "136", "item": "175 W JACKSON BLVD "}], "smallest": " ", "cardinality": "17847", "null": "0", "largest": "9 W KINZIE ST "}, "tableColumnId": 1505556, "renderTypeName": "text", "format": {}}, {"width": 74, "name": "City", "id": 408259554, "dataTypeName": "text", "position": 8, "fieldName": "city", "cachedContents": {"not_null": "186602", "top": [{"count": "185928", "item": "CHICAGO"}, {"count": "310", "item": "Chicago"}, {"count": "95", "item": "chicago"}, {"count": "44", "item": "CCHICAGO"}, {"count": "23", "item": "SCHAUMBURG"}, {"count": "15", "item": "MAYWOOD"}, {"count": "13", "item": "ELK GROVE VILLAGE"}, {"count": "12", "item": "CHicago"}, {"count": "10", "item": "EVANSTON"}, {"count": "9", "item": "CHESTNUT STREET"}, {"count": "9", "item": "CICERO"}, {"count": "8", "item": "SKOKIE"}, {"count": "8", "item": "INACTIVE"}, {"count": "7", "item": "CHICAGOCHICAGO"}, {"count": "6", "item": "CALUMET CITY"}, {"count": "6", "item": "CHCHICAGO"}, {"count": "6", "item": "NILES NILES"}, {"count": "5", "item": "OAK PARK"}, {"count": "5", "item": "ELMHURST"}, {"count": "5", "item": "WORTH"}], "smallest": "312CHICAGO", "cardinality": "66", "null": "161", "largest": "WORTH"}, "tableColumnId": 1505557, "renderTypeName": "text", "format": {}}, {"width": 77, "name": "State", "id": 408259555, "dataTypeName": "text", "position": 9, "fieldName": "state", "cachedContents": {"not_null": "186728", "top": [{"count": "186728", "item": "IL"}], "smallest": "IL", "cardinality": "1", "null": "35", "largest": "IL"}, "tableColumnId": 1505558, "renderTypeName": "text", "format": {}}, {"width": 64, "name": "Zip", "id": 408259556, "dataTypeName": "number", "position": 10, "fieldName": "zip", "cachedContents": {"not_null": "186684", "top": [{"count": "7033", "item": "60614"}, {"count": "6672", "item": "60647"}, {"count": "6504", "item": "60657"}, {"count": "5872", "item": "60611"}, {"count": "5808", "item": "60622"}, {"count": "5665", "item": "60618"}, {"count": "5635", "item": "60608"}, {"count": "5077", "item": "60625"}, {"count": "4980", "item": "60639"}, {"count": "4952", "item": "60640"}, {"count": "4884", "item": "60607"}, {"count": "4777", "item": "60623"}, {"count": "4539", "item": "60616"}, {"count": "4403", "item": "60632"}, {"count": "4191", "item": "60613"}, {"count": "4129", "item": "60659"}, {"count": "3991", "item": "60654"}, {"count": "3953", "item": "60609"}, {"count": "3727", "item": "60619"}, {"count": "3710", "item": "60610"}], "smallest": "60007", "cardinality": "108", "null": "79", "largest": "60827"}, "tableColumnId": 1505559, "renderTypeName": "number", "format": {"precisionStyle": "standard", "align": "right", "noCommas": "true"}}, {"width": 136, "name": "Inspection Date", "id": 408259557, "dataTypeName": "calendar_date", "position": 11, "fieldName": "inspection_date", "cachedContents": {"not_null": "186763", "top": [{"count": "185", "item": "2013-11-14T00:00:00.000"}, {"count": "149", "item": "2016-09-13T00:00:00.000"}, {"count": "145", "item": "2016-11-29T00:00:00.000"}, {"count": "143", "item": "2014-12-16T00:00:00.000"}, {"count": "142", "item": "2013-10-01T00:00:00.000"}, {"count": "142", "item": "2014-12-03T00:00:00.000"}, {"count": "140", "item": "2014-12-02T00:00:00.000"}, {"count": "140", "item": "2016-09-29T00:00:00.000"}, {"count": "138", "item": "2016-09-26T00:00:00.000"}, {"count": "137", "item": "2016-08-18T00:00:00.000"}, {"count": "137", "item": "2016-09-08T00:00:00.000"}, {"count": "136", "item": "2016-09-15T00:00:00.000"}, {"count": "135", "item": "2016-10-04T00:00:00.000"}, {"count": "135", "item": "2016-06-16T00:00:00.000"}, {"count": "134", "item": "2016-09-09T00:00:00.000"}, {"count": "134", "item": "2011-03-28T00:00:00.000"}, {"count": "133", "item": "2016-08-29T00:00:00.000"}, {"count": "133", "item": "2016-09-30T00:00:00.000"}, {"count": "133", "item": "2018-06-05T00:00:00.000"}, {"count": "132", "item": "2016-09-16T00:00:00.000"}], "smallest": "2010-01-04T00:00:00.000", "cardinality": "2375", "null": "0", "largest": "2019-05-10T00:00:00.000"}, "tableColumnId": 1505560, "renderTypeName": "calendar_date", "format": {"view": "date", "align": "left"}}, {"width": 172, "name": "Inspection Type", "id": 408259558, "dataTypeName": "text", "position": 12, "fieldName": "inspection_type", "cachedContents": {"not_null": "186762", "top": [{"count": "98977", "item": "Canvass"}, {"count": "24456", "item": "License"}, {"count": "19419", "item": "Canvass Re-Inspection"}, {"count": "17309", "item": "Complaint"}, {"count": "8577", "item": "License Re-Inspection"}, {"count": "7073", "item": "Complaint Re-Inspection"}, {"count": "6537", "item": "Short Form Complaint"}, {"count": "834", "item": "Suspected Food Poisoning"}, {"count": "671", "item": "Consultation"}, {"count": "605", "item": "License-Task Force"}, {"count": "603", "item": "Tag Removal"}, {"count": "300", "item": "Recent Inspection"}, {"count": "284", "item": "Out of Business"}, {"count": "254", "item": "Task Force Liquor 1475"}, {"count": "187", "item": "Suspected Food Poisoning Re-inspection"}, {"count": "161", "item": "Complaint-Fire"}, {"count": "113", "item": "Short Form Fire-Complaint"}, {"count": "63", "item": "Special Events (Festivals)"}, {"count": "60", "item": "No Entry"}, {"count": "44", "item": "Package Liquor 1474"}], "smallest": "1315 license reinspection", "cardinality": "108", "null": "1", "largest": "TWO PEOPLE ATE AND GOT SICK."}, "tableColumnId": 1505561, "renderTypeName": "text", "format": {}}, {"width": 110, "name": "Results", "id": 408259559, "dataTypeName": "text", "position": 13, "fieldName": "results", "cachedContents": {"not_null": "186763", "top": [{"count": "103599", "item": "Pass"}, {"count": "36016", "item": "Fail"}, {"count": "23408", "item": "Pass w/ Conditions"}, {"count": "16241", "item": "Out of Business"}, {"count": "5796", "item": "No Entry"}, {"count": "1637", "item": "Not Ready"}, {"count": "66", "item": "Business Not Located"}], "smallest": "Business Not Located", "cardinality": "7", "null": "0", "largest": "Pass w/ Conditions"}, "tableColumnId": 1505562, "renderTypeName": "text", "format": {}}, {"width": 190, "name": "Violations", "id": 408259560, "dataTypeName": "text", "position": 14, "fieldName": "violations", "cachedContents": {"not_null": "137068", "top": [{"count": "11", "item": "32. FOOD AND NON-FOOD CONTACT SURFACES PROPERLY DESIGNED, CONSTRUCTED AND MAINTAINED - Comments: VIOLATION STILL PENDING"}, {"count": "10", "item": "45. FOOD HANDLER REQUIREMENTS MET - Comments: ALL FOOD HANDLING EMPLOYEES MUST SHOW PROOF OF FOOD HANDLER TRAINING.  MUST PROVIDE."}, {"count": "10", "item": "30. FOOD IN ORIGINAL CONTAINER, PROPERLY LABELED: CUSTOMER ADVISORY POSTED AS NEEDED - Comments: OBSERVED NO DBA NAME ON THE LATERAL SIDE OF THE CART, INSTRUCTED TO PROVIDE BUSINESS NAME LEGIBLY PAINTED IN LETTERS AT LEAST TWO INCHES IN HEIGHT IN A CONSPICUOUS PLACE ON EACH LATERAL SIDE OF CART."}, {"count": "7", "item": "3. MANAGEMENT, FOOD EMPLOYEE AND CONDITIONAL EMPLOYEE; KNOWLEDGE, RESPONSIBILITIES AND REPORTING - Comments: 2-102.14(N)  FOUND NO EMPLOYEE HEALTH POLICY AT PREMISES. PRIORITY FOUNDATION. NO CITATION ISSUED. 7-38-010. MUST PROVIDE. | 5. PROCEDURES FOR RESPONDING TO VOMITING AND DIARRHEAL EVENTS - Comments: 2-501.11 FOUND NO VOMIT AND DIARRHEA CLEAN UP POLICY.  PRIORITY FOUNDATION. NO CITATION ISSUED.7-38-005. MUST PROVIDE."}, {"count": "7", "item": "32. FOOD AND NON-FOOD CONTACT SURFACES PROPERLY DESIGNED, CONSTRUCTED AND MAINTAINED - Comments: FOR NEXT REGULAR INSPECTION | 33. FOOD AND NON-FOOD CONTACT EQUIPMENT UTENSILS CLEAN, FREE OF ABRASIVE DETERGENTS - Comments: FOR NEXT REGULAR INSPECTION | 34. FLOORS: CONSTRUCTED PER CODE, CLEANED, GOOD REPAIR, COVING INSTALLED, DUST-LESS CLEANING METHODS USED - Comments: FOR NEXT REGULAR INSPECTION | 35. WALLS, CEILINGS, ATTACHED EQUIPMENT CONSTRUCTED PER CODE: GOOD REPAIR, SURFACES CLEAN AND DUST-LESS CLEANING METHODS - Comments: FOR NEXT REGULAR INSPECTION"}, {"count": "7", "item": "2. FACILITIES TO MAINTAIN PROPER TEMPERATURE - Comments: NO MECHANICAL REFRIGERATION. MOBILE DESSERTS VENDOR WILL USE DRY ICE TO MAINTAIN PACKAGED FROZEN DESSERTS."}, {"count": "7", "item": "45. FOOD HANDLER REQUIREMENTS MET - Comments: ALL FOOD HANDLING EMPLOYEES MUST SHOW PROOF OF FOOD HANDLER TRAINING. MUST PROVIDE.  "}, {"count": "6", "item": "38. VENTILATION: ROOMS AND EQUIPMENT VENTED AS REQUIRED: PLUMBING: INSTALLED AND MAINTAINED - Comments: INSTALL BACK FLOW DEVICE ON UTILITY SINK."}, {"count": "6", "item": "3. MANAGEMENT, FOOD EMPLOYEE AND CONDITIONAL EMPLOYEE; KNOWLEDGE, RESPONSIBILITIES AND REPORTING - Comments: 2-102.14(N)  FOUND NO EMPLOYEE HEALTH POLICY AT PREMISES. PRIORITY FOUNDATION. NO CITATION ISSUED. 7-38-010. MUST PROVIDE. | 5. PROCEDURES FOR RESPONDING TO VOMITING AND DIARRHEAL EVENTS - Comments: 2-501.11 FOUND NO VOMIT AND DIARRHEAL CLEAN UP PROCEDURE. PRIORITY FOUNDATION.  NO CITATION ISSUED. 7-38-005. MUST PROVIDE."}, {"count": "6", "item": "40. REFRIGERATION AND METAL STEM THERMOMETERS PROVIDED AND CONSPICUOUS - Comments: INSTRUCTED TO PROVIDE THERMOMETER VISIBLE INSIDE ALL COOLERS."}, {"count": "5", "item": "41. PREMISES MAINTAINED FREE OF LITTER, UNNECESSARY ARTICLES, CLEANING  EQUIPMENT PROPERLY STORED - Comments: VIOLATION STILL PENDING"}, {"count": "5", "item": "2. FACILITIES TO MAINTAIN PROPER TEMPERATURE - Comments: NO MECHANICAL REFRIGERATION. MOBILE DESSERTS VENDOR WILL USE DRY ICE TO MAINTAIN PACKAGED FROZEN DESSERTS"}, {"count": "5", "item": "45. FOOD HANDLER REQUIREMENTS MET - Comments:  INSTRUCTED MANAGER ALL FOOD HANDLERS MUST BE CERTIFIED WITH CERTIFICATES OF NAMES OF EMPLOYEES ON PREMISES.  "}, {"count": "5", "item": "38. VENTILATION: ROOMS AND EQUIPMENT VENTED AS REQUIRED: PLUMBING: INSTALLED AND MAINTAINED - Comments: INSTRUCTED TO SELF CONTAIN WASTE WATER BUCKET AT PORTABLE SINK."}, {"count": "5", "item": "42. APPROPRIATE METHOD OF HANDLING OF FOOD (ICE) HAIR RESTRAINTS AND CLEAN APPAREL WORN - Comments: All employees shall be required to use effective hair restraints to confine hair."}, {"count": "5", "item": "32. FOOD AND NON-FOOD CONTACT SURFACES PROPERLY DESIGNED, CONSTRUCTED AND MAINTAINED - Comments: Cutting boards with deep, dark grooves must be sanded/bleached or replaced.  "}, {"count": "5", "item": "2. FACILITIES TO MAINTAIN PROPER TEMPERATURE - Comments: No mechanical refrigeration. Mobile desserts vendor will use dry ice to maintain packaged frozen desserts."}, {"count": "5", "item": "35. WALLS, CEILINGS, ATTACHED EQUIPMENT CONSTRUCTED PER CODE: GOOD REPAIR, SURFACES CLEAN AND DUST-LESS CLEANING METHODS"}, {"count": "5", "item": "3. MANAGEMENT, FOOD EMPLOYEE AND CONDITIONAL EMPLOYEE; KNOWLEDGE, RESPONSIBILITIES AND REPORTING - Comments: 2-102.14N OBSERVED NO EMPLOYEE HEALTH POLICY ON SITE. MUST PROVIDE PRIORITY FOUNDATION VIOLATION 7-38-012(A)(A) NO CITATION ISSUED. | 5. PROCEDURES FOR RESPONDING TO VOMITING AND DIARRHEAL EVENTS - Comments: 2-501.11 OBSERVED NO VOMITOUS AND DIARRHEAL INCIDENT CLEAN UP POLICY IN PLACE AND KIT ON SITE. MUST PROVIDE. PRIORITY FOUNDATION VIOLATION. 7-38-005. NO CITATION ISSUED."}, {"count": "5", "item": "45. FOOD HANDLER REQUIREMENTS MET - Comments: ALL FOOD HANDLING EMPLOYEES MUST SHOW PROOF OF FOOD HANDLER TRAINING. MUST PROVIDE."}], "smallest": "10. ADEQUATE HANDWASHING SINKS PROPERLY SUPPLIED AND ACCESSIBLE - Comments: 2ND FLOOR BOYS WASHROOM HANDWASH BOWLS PUSH BUTTONS NOT MAINTAINED, LESS THAN 15 SECONDS CONSTANT RUNNING WATER TIME. INSTRUCTED MANAGER MUST RECALIBRATE WASHROOM HANDWASH BOWLS PUSH BUTTONS TO A MINIMAL OF 15 SECONDS CONTINUOUS RUNNING WATER TIME.  | 47. FOOD & NON-FOOD CONTACT SURFACES CLEANABLE, PROPERLY DESIGNED, CONSTRUCTED & USED - Comments: WALK IN COOLER DOOR RUBBER GASKET NOT TIGHT FITTED AT UPPER LEFT HAND CORNER. INSTRUCTED MANAGER MUST MAKE DOOR RUBBER GASKET TIGHT FITTED.", "cardinality": "136268", "null": "49695", "largest": "9. WATER SOURCE: SAFE, HOT & COLD UNDER CITY PRESSURE - Comments: WE CONTINUE TO LACK HOT WATER IN THE FOOD ESTABLISHMENT TEMPERATURE MEASURED 97.0F AT TIME OF INSPECTION.MUST PROVIDE ADEQUATE HOT RUNNING WATER UNDER CITY PRESSURE THROUGHOUT THE PREMISES AS REQUIRED. | 36. LIGHTING: REQUIRED MINIMUM FOOT-CANDLES OF LIGHT PROVIDED, FIXTURES SHIELDED - Comments: PROVIDE LIGHT SHIELD COVER IN REAR STORAGE ROOM   | 38. VENTILATION: ROOMS AND EQUIPMENT VENTED AS REQUIRED: PLUMBING: INSTALLED AND MAINTAINED - Comments: MUST REPAIR WATER LEAK AT DRAIN PIPE BENEATH THE 3 COMPARTMENT SINK NEAR THE KITCHEN FOOD PREP AREA."}, "tableColumnId": 1505563, "renderTypeName": "text", "format": {}}, {"width": 100, "name": "Latitude", "id": 408259561, "dataTypeName": "number", "position": 15, "fieldName": "latitude", "cachedContents": {"not_null": "186098", "top": [{"count": "2415", "item": "42.008536400868735"}, {"count": "499", "item": "41.789329323265385"}, {"count": "452", "item": "41.884187507127805"}, {"count": "439", "item": "41.88199433820508"}, {"count": "428", "item": "41.88743405025222"}, {"count": "318", "item": "41.85045102427"}, {"count": "316", "item": "41.88458626715456"}, {"count": "265", "item": "41.8880742810662"}, {"count": "258", "item": "41.75466012439374"}, {"count": "248", "item": "41.83078366228312"}, {"count": "241", "item": "41.892094136861786"}, {"count": "223", "item": "41.862628294037634"}, {"count": "214", "item": "41.892249163400116"}, {"count": "193", "item": "41.85528170377401"}, {"count": "185", "item": "41.89168851736832"}, {"count": "177", "item": "41.94731748901495"}, {"count": "170", "item": "41.878531278353606"}, {"count": "165", "item": "41.886567370886944"}, {"count": "141", "item": "41.87856015362371"}, {"count": "136", "item": "41.878014487249544"}], "smallest": "41.64467013219805", "cardinality": "16640", "null": "665", "largest": "42.02106424782547"}, "tableColumnId": 1646760, "renderTypeName": "number", "format": {}}, {"width": 100, "name": "Longitude", "id": 408259562, "dataTypeName": "number", "position": 16, "fieldName": "longitude", "cachedContents": {"not_null": "186098", "top": [{"count": "2415", "item": "-87.91442843927047"}, {"count": "499", "item": "-87.74164564419637"}, {"count": "452", "item": "-87.64111966683218"}, {"count": "439", "item": "-87.6397586848809"}, {"count": "428", "item": "-87.68184949426895"}, {"count": "318", "item": "-87.65879785567869"}, {"count": "316", "item": "-87.63101044588599"}, {"count": "265", "item": "-87.63495520292739"}, {"count": "258", "item": "-87.74138475860521"}, {"count": "248", "item": "-87.6352957830455"}, {"count": "241", "item": "-87.61156988394656"}, {"count": "223", "item": "-87.61503109411332"}, {"count": "214", "item": "-87.60951804879336"}, {"count": "193", "item": "-87.63199264229414"}, {"count": "185", "item": "-87.62430717812579"}, {"count": "177", "item": "-87.65641794764645"}, {"count": "170", "item": "-87.63942745962717"}, {"count": "165", "item": "-87.62438467059714"}, {"count": "141", "item": "-87.63652387205532"}, {"count": "136", "item": "-87.63318903001444"}], "smallest": "-87.91442843927047", "cardinality": "16640", "null": "665", "largest": "-87.5250941359867"}, "tableColumnId": 1646758, "renderTypeName": "number", "format": {}}, {"width": 100, "name": "Location", "id": 408259563, "dataTypeName": "location", "position": 17, "fieldName": "location", "format": {"view": "coords", "align": "left"}, "tableColumnId": 1646761, "renderTypeName": "location"}, {"name": "Historical Wards 2003-2015", "id": 408259568, "dataTypeName": "number", "position": 22, "fieldName": ":@computed_region_awaf_s7ux", "format": {}, "tableColumnId": 27781992, "renderTypeName": "number", "computationStrategy": {"source_columns": ["location"], "parameters": {"primary_key": "_feature_id", "region": "_awaf-s7ux"}, "type": "georegion_match_on_point"}}, {"name": "Zip Codes", "id": 408259569, "dataTypeName": "number", "position": 23, "fieldName": ":@computed_region_6mkv_f3dw", "format": {}, "tableColumnId": 27781993, "renderTypeName": "number", "computationStrategy": {"source_columns": ["location"], "parameters": {"primary_key": "_feature_id", "region": "_6mkv-f3dw"}, "type": "georegion_match_on_point"}}, {"name": "Community Areas", "id": 408259570, "dataTypeName": "number", "position": 24, "fieldName": ":@computed_region_vrxf_vc4k", "format": {}, "tableColumnId": 27781994, "renderTypeName": "number", "computationStrategy": {"source_columns": ["location"], "parameters": {"primary_key": "_feature_id", "region": "_vrxf-vc4k"}, "type": "georegion_match_on_point"}}, {"name": "Census Tracts", "id": 408259571, "dataTypeName": "number", "position": 25, "fieldName": ":@computed_region_bdys_3d7i", "format": {}, "tableColumnId": 27781995, "renderTypeName": "number", "computationStrategy": {"source_columns": ["location"], "parameters": {"primary_key": "_feature_id", "region": "_bdys-3d7i"}, "type": "georegion_match_on_point"}}, {"name": "Wards", "id": 408259572, "dataTypeName": "number", "position": 26, "description": "", "fieldName": ":@computed_region_43wa_7qmu", "format": {}, "tableColumnId": 28150678, "renderTypeName": "number", "computationStrategy": {"source_columns": ["location"], "parameters": {"primary_key": "_feature_id", "region": "_43wa-7qmu"}, "type": "georegion_match_on_point"}}], "owner": {"profileImageUrlSmall": "/api/users/scy9-9wg4/profile_images/TINY", "profileImageUrlLarge": "/api/users/scy9-9wg4/profile_images/LARGE", "id": "scy9-9wg4", "flags": ["mayBeStoriesCoOwner"], "displayName": "cocadmin", "profileImageUrlMedium": "/api/users/scy9-9wg4/profile_images/THUMB", "type": "interactive", "screenName": "cocadmin"}, "indexUpdatedAt": 1557745944, "rowsUpdatedBy": "scy9-9wg4", "viewCount": 334564, "viewType": "tabular", "rowsUpdatedAt": 1557745940, "attributionLink": "http://www.cityofchicago.org", "flags": ["default", "restorable", "restorePossibleForType"], "description": "NOTE ABOUT 7/1/2018 CHANGE AFFECTING THIS DATASET: http://bit.ly/2yWd2JB --This information is derived from inspections of restaurants and other food establishments in Chicago from January 1, 2010 to the present. Inspections are performed by staff from the Chicago Department of Public Health\u2019s Food Protection Program using a standardized procedure. The results of the inspection are inputted into a database, then reviewed and approved by a State of Illinois Licensed Environmental Health Practitioner (LEHP). For descriptions of the data elements included in this set, go to http://bit.ly/tS9IE8  \r\nDisclaimer: Attempts have been made to minimize any and all duplicate inspection reports. However, the dataset may still contain such duplicates and the appropriate precautions should be exercised when viewing or analyzing these data. The result of the inspections (pass, pass with conditions or fail) as well as the violations noted are based on the findings identified and reported by the inspector at the time of the inspection, and may not reflect the findings noted at other times. For more information about Food Inspections, go to https://www.cityofchicago.org/city/en/depts/cdph/provdrs/healthy_restaurants/svcs/food-protection-services.html.", "downloadCount": 77530, "provenance": "official", "viewLastModified": 1557747078, "name": "Food Inspections", "averageRating": 0, "tableAuthor": {"profileImageUrlSmall": "/api/users/scy9-9wg4/profile_images/TINY", "profileImageUrlLarge": "/api/users/scy9-9wg4/profile_images/LARGE", "id": "scy9-9wg4", "flags": ["mayBeStoriesCoOwner"], "displayName": "cocadmin", "profileImageUrlMedium": "/api/users/scy9-9wg4/profile_images/THUMB", "type": "interactive", "screenName": "cocadmin"}, "totalTimesRated": 0, "category": "Health & Human Services", "publicationAppendEnabled": false, "rights": ["read"], "hideFromCatalog": false, "metadata": {"jsonQuery": {"order": [{"ascending": false, "columnFieldName": "inspection_date"}]}, "attachments": [{"filename": "foodinspections_description.pdf", "assetId": "O9cwLJ4wvxQJ2MirxkNzAUCCMQiM31DMzRkckMsKlxc", "blobId": "", "name": "foodinspections_description.pdf"}], "availableDisplayTypes": ["table", "fatrow", "page"], "custom_fields": {"Metadata": {"Frequency": "Updated daily", "Time Period": "January 2010 to present", "Data Owner": "Public Health"}}, "rowLabel": "Food Inspection", "renderTypeConfig": {"visible": {"table": true}}, "rdfSubject": "0"}, "tableId": 16194362, "numberOfComments": 0, "publicationStage": "published", "hideFromDataJson": false, "tags": ["food", "inspections"], "publicationGroup": 239276, "query": {"orderBys": [{"ascending": false, "expression": {"columnId": 408259557, "type": "column"}}]}, "oid": 31483705, "displayType": "table", "createdAt": 1312839871, "grants": [{"inherited": false, "type": "viewer", "flags": ["public"]}]}